{"centers": [163, 85], "distance": 5416727.514280016, "time": 10.244511127471924}